Name,SKU,Variants/Colors,Description,URL
Advanced Night RepairEye Lift + Sculpt Eye Cream,G6DH01,N/A,N/A,https://www.esteelauder.com/product/685/137613/product-catalog/skincare/eye-cream-treatment/advanced-night-repair/eye-lift-sculpt-eye-cream
Double WearStay-in-Place Matte Powder Foundation,G3FJCT,N/A,N/A,https://www.esteelauder.com/product/643/133642/product-catalog/makeup/face/foundation/double-wear/stay-in-place-matte-powder-foundation
Advanced Night Repair SerumSynchronized Multi-Recovery Complex,PG5001,N/A,N/A,https://www.esteelauder.com/product/689/77491/product-catalog/skincare/repair-serum/advanced-night-repair-serum/synchronized-multi-recovery-complex
Double WearStay-in-Place Foundation,YA6F66,N/A,N/A,https://www.esteelauder.com/product/643/22830/product-catalog/makeup/face/foundation/double-wear/stay-in-place-foundation
Re-NutrivUltimate Diamond Age Reversal Treatment Lotion Toner,G1DW01,N/A,N/A,https://www.esteelauder.com/product/680/129602/product-catalog/re-nutriv/re-nutriv-treatment-lotion/re-nutriv-ultimate-diamond-age-reversal-lotion/ultimate-diamond-age-reversal-treatment-lotion-toner
AERIN WisteriaEau de Parfum Spray,G8MF01,N/A,N/A,https://www.esteelauder.com/product/55571/137614/product-catalog/aerin/aerin-les-jardins-botaniques-collection/wisteria/aerin-wisteria/eau-de-parfum-spray?size=1.7_oz.
Nutritious2-in-1 Foam Cleanser/Purifying Mask,GTJX01,N/A,N/A,https://www.esteelauder.com/product/684/112204/product-catalog/skincare/cleanser-makeup-remover/nutritious/2-in-1-foam-cleanserpurifying-mask
Nutritious2-in-1 Foam Cleanser/Purifying Mask,GTJX01,N/A,N/A,https://www.esteelauder.com/product/684/112204/product-catalog/skincare/cleanser-makeup-remover/nutritious/2-in-1-foam-cleanserpurifying-mask#pr-reviewdisplay
Limited Edition Pink Ribbon Advanced Night Repair Serum,G37B01,N/A,N/A,https://www.esteelauder.com/product/689/128330/product-catalog/skincare/repair-serum/limited-edition-pink-ribbon-advanced-night-repair-serum
Limited Edition Pink Ribbon Advanced Night Repair Serum,G37B01,N/A,N/A,https://www.esteelauder.com/product/689/128330/product-catalog/skincare/repair-serum/limited-edition-pink-ribbon-advanced-night-repair-serum#pr-reviewdisplay
NutritiousBooster Drops Serum,G5TE01,N/A,N/A,https://www.esteelauder.com/product/689/123010/product-catalog/skincare/repair-serum/nutritious/booster-drops-serum
NutritiousBooster Drops Serum,G5TE01,N/A,N/A,https://www.esteelauder.com/product/689/123010/product-catalog/skincare/repair-serum/nutritious/booster-drops-serum#pr-reviewdisplay
Perfectionist ProRapid Firm + Lift Serum with Hexapeptides 8 + 9,PTGK01,N/A,N/A,https://www.esteelauder.com/product/689/117243/product-catalog/skincare/repair-serum/perfectionist-pro/rapid-firm-lift-serum-with-hexapeptides-8-9
Perfectionist ProRapid Firm + Lift Serum with Hexapeptides 8 + 9,PTGK01,N/A,N/A,https://www.esteelauder.com/product/689/117243/product-catalog/skincare/repair-serum/perfectionist-pro/rapid-firm-lift-serum-with-hexapeptides-8-9#pr-reviewdisplay
Perfectionist Pro DuoRapid Firm + Lift Serum with Hexapeptides 8 + 9,PTGL01,N/A,N/A,https://www.esteelauder.com/product/689/117245/product-catalog/skincare/repair-serum/perfectionist-pro-duo/rapid-firm-lift-serum-with-hexapeptides-8-9
Perfectionist Pro DuoRapid Firm + Lift Serum with Hexapeptides 8 + 9,PTGL01,N/A,N/A,https://www.esteelauder.com/product/689/117245/product-catalog/skincare/repair-serum/perfectionist-pro-duo/rapid-firm-lift-serum-with-hexapeptides-8-9#pr-reviewdisplay
NutritiousAiry Lotion Moisturizer,GTJY01,N/A,N/A,https://www.esteelauder.com/product/688/112201/product-catalog/skincare/moisturizer/nutritious/airy-lotion-moisturizer
NutritiousAiry Lotion Moisturizer,GTJY01,N/A,N/A,https://www.esteelauder.com/product/688/112201/product-catalog/skincare/moisturizer/nutritious/airy-lotion-moisturizer#pr-reviewdisplay
NutritiousRadiant Essence Treatment Lotion,GTK101,N/A,N/A,https://www.esteelauder.com/product/26389/112200/product-catalog/skincare/toner-treatment-lotion/nutritious/radiant-essence-treatment-lotion
NutritiousRadiant Essence Treatment Lotion,GTK101,N/A,N/A,https://www.esteelauder.com/product/26389/112200/product-catalog/skincare/toner-treatment-lotion/nutritious/radiant-essence-treatment-lotion#pr-reviewdisplay
NutritiousMelting Soft Creme/Mask Moisturizer,GTK001,N/A,N/A,https://www.esteelauder.com/product/688/112202/product-catalog/skincare/moisturizer/nutritious/melting-soft-crememask-moisturizer
NutritiousMelting Soft Creme/Mask Moisturizer,GTK001,N/A,N/A,https://www.esteelauder.com/product/688/112202/product-catalog/skincare/moisturizer/nutritious/melting-soft-crememask-moisturizer#pr-reviewdisplay
Micro EssenceTreatment Lotion Toner with Bio-Ferment,PGJJ01,N/A,N/A,https://www.esteelauder.com/product/26389/101853/product-catalog/skincare/toner-treatment-lotion/micro-essence/treatment-lotion-toner-with-bio-ferment
Micro EssenceTreatment Lotion Toner with Bio-Ferment,PGJJ01,N/A,N/A,https://www.esteelauder.com/product/26389/101853/product-catalog/skincare/toner-treatment-lotion/micro-essence/treatment-lotion-toner-with-bio-ferment#pr-reviewdisplay
Micro EssenceTreatment Lotion Toner Fresh with Sakura Ferment,PR2W01,N/A,N/A,https://www.esteelauder.com/product/26389/101854/product-catalog/skincare/toner-treatment-lotion/micro-essence/treatment-lotion-toner-fresh-with-sakura-ferment
Micro EssenceTreatment Lotion Toner Fresh with Sakura Ferment,PR2W01,N/A,N/A,https://www.esteelauder.com/product/26389/101854/product-catalog/skincare/toner-treatment-lotion/micro-essence/treatment-lotion-toner-fresh-with-sakura-ferment#pr-reviewdisplay
Advanced Night Repair SerumSynchronized Multi-Recovery Complex,PG5001,N/A,N/A,https://www.esteelauder.com/product/689/77491/product-catalog/skincare/repair-serum/advanced-night-repair-serum/synchronized-multi-recovery-complex#pr-reviewdisplay
Advanced Night Repair Serum DuoSynchronized Multi-Recovery Complex,PG5C01,N/A,N/A,https://www.esteelauder.com/product/689/77500/product-catalog/skincare/repair-serum/advanced-night-repair-serum-duo/synchronized-multi-recovery-complex
Advanced Night Repair Serum DuoSynchronized Multi-Recovery Complex,PG5C01,N/A,N/A,https://www.esteelauder.com/product/689/77500/product-catalog/skincare/repair-serum/advanced-night-repair-serum-duo/synchronized-multi-recovery-complex#pr-reviewdisplay
Revitalizing Supreme+Youth Power Soft Milky Lotion Moisturizer,PYNF01,N/A,N/A,https://www.esteelauder.com/product/688/105514/product-catalog/skincare/moisturizer/revitalizing-supreme/youth-power-soft-milky-lotion-moisturizer
Revitalizing Supreme+Youth Power Soft Milky Lotion Moisturizer,PYNF01,N/A,N/A,https://www.esteelauder.com/product/688/105514/product-catalog/skincare/moisturizer/revitalizing-supreme/youth-power-soft-milky-lotion-moisturizer#pr-reviewdisplay
NightWear Plus MoisturizerAnti-Oxidant Night Detox Creme,R3NX01,N/A,N/A,https://www.esteelauder.com/product/688/37349/product-catalog/skincare/moisturizer/nightwear-plus-moisturizer/anti-oxidant-night-detox-creme
NightWear Plus MoisturizerAnti-Oxidant Night Detox Creme,R3NX01,N/A,N/A,https://www.esteelauder.com/product/688/37349/product-catalog/skincare/moisturizer/nightwear-plus-moisturizer/anti-oxidant-night-detox-creme#pr-reviewdisplay
DayWear MatteOil-Control Anti-Oxidant Moisture Gel Creme Moisturizer,RLJP01,N/A,N/A,https://www.esteelauder.com/product/688/46486/product-catalog/skincare/moisturizer/daywear-matte/oil-control-anti-oxidant-moisture-gel-creme-moisturizer
DayWear MatteOil-Control Anti-Oxidant Moisture Gel Creme Moisturizer,RLJP01,N/A,N/A,https://www.esteelauder.com/product/688/46486/product-catalog/skincare/moisturizer/daywear-matte/oil-control-anti-oxidant-moisture-gel-creme-moisturizer#pr-reviewdisplay
Perfectly CleanMulti-Action Foam Cleanser/Purifying Mask,YCE701,N/A,N/A,https://www.esteelauder.com/product/684/25713/product-catalog/skincare/cleanser-makeup-remover/perfectly-clean/multi-action-foam-cleanserpurifying-mask
Perfectly CleanMulti-Action Foam Cleanser/Purifying Mask,YCE701,N/A,N/A,https://www.esteelauder.com/product/684/25713/product-catalog/skincare/cleanser-makeup-remover/perfectly-clean/multi-action-foam-cleanserpurifying-mask#pr-reviewdisplay
Re-NutrivUltimate Diamond Transformative Brilliance Serum,PR4901,N/A,N/A,https://www.esteelauder.com/product/679/101112/product-catalog/re-nutriv/re-nutriv-repair-serum/re-nutriv/ultimate-diamond-transformative-brilliance-serum
Re-NutrivUltimate Diamond Transformative Brilliance Serum,PR4901,N/A,N/A,https://www.esteelauder.com/product/679/101112/product-catalog/re-nutriv/re-nutriv-repair-serum/re-nutriv/ultimate-diamond-transformative-brilliance-serum#pr-reviewdisplay
Re-NutrivUltimate Diamond Transformative Brilliance Serum Refill,PRTF01,N/A,N/A,https://www.esteelauder.com/product/679/101113/product-catalog/re-nutriv/re-nutriv-repair-serum/re-nutriv/ultimate-diamond-transformative-brilliance-serum-refill
Re-NutrivUltimate Diamond Transformative Brilliance Serum Refill,PRTF01,N/A,N/A,https://www.esteelauder.com/product/679/101113/product-catalog/re-nutriv/re-nutriv-repair-serum/re-nutriv/ultimate-diamond-transformative-brilliance-serum-refill#pr-reviewdisplay
Micro Essence Travel SizeTreatment Lotion Toner with Bio-Ferment,GREK01,N/A,N/A,https://www.esteelauder.com/product/26389/101868/product-catalog/skincare/toner-treatment-lotion/micro-essence-travel-size/treatment-lotion-toner-with-bio-ferment
Micro Essence Travel SizeTreatment Lotion Toner with Bio-Ferment,GREK01,N/A,N/A,https://www.esteelauder.com/product/26389/101868/product-catalog/skincare/toner-treatment-lotion/micro-essence-travel-size/treatment-lotion-toner-with-bio-ferment#pr-reviewdisplay
Micro Essence Travel SizeTreatment Lotion Toner Fresh with Sakura Ferment,GREJ01,N/A,N/A,https://www.esteelauder.com/product/26389/101869/product-catalog/skincare/toner-treatment-lotion/micro-essence-travel-size/treatment-lotion-toner-fresh-with-sakura-ferment
Micro Essence Travel SizeTreatment Lotion Toner Fresh with Sakura Ferment,GREJ01,N/A,N/A,https://www.esteelauder.com/product/26389/101869/product-catalog/skincare/toner-treatment-lotion/micro-essence-travel-size/treatment-lotion-toner-fresh-with-sakura-ferment#pr-reviewdisplay
Nutritious Travel Size2-in-1 Foam Cleanser/Purifying Mask,G7EB01,N/A,N/A,https://www.esteelauder.com/product/684/136088/product-catalog/skincare/cleanser-makeup-remover/nutritious-travel-size/2-in-1-foam-cleanserpurifying-mask
Nutritious Travel Size2-in-1 Foam Cleanser/Purifying Mask,G7EB01,N/A,N/A,https://www.esteelauder.com/product/684/136088/product-catalog/skincare/cleanser-makeup-remover/nutritious-travel-size/2-in-1-foam-cleanserpurifying-mask#pr-reviewdisplay
Nutritious Travel SizeMelting Soft Creme/Mask Moisturizer,G2GN01,N/A,N/A,https://www.esteelauder.com/product/688/110710/product-catalog/skincare/moisturizer/nutritious-travel-size/melting-soft-crememask-moisturizer
Nutritious Travel SizeMelting Soft Creme/Mask Moisturizer,G2GN01,N/A,N/A,https://www.esteelauder.com/product/688/110710/product-catalog/skincare/moisturizer/nutritious-travel-size/melting-soft-crememask-moisturizer#pr-reviewdisplay
Nutritious2-in-1 Foam Cleanser/Purifying Mask,GTJX01,N/A,N/A,https://www.esteelauder.com/product/684/112204/product-catalog/skincare/cleanser-makeup-remover/nutritious/2-in-1-foam-cleanser
